row_id,split
1,train
2,test
3,train
4,test
5,train
6,train
7,train
8,train
9,test
10,train
11,test
12,test
13,train
14,train
15,train
16,train
17,train
18,test
19,train
20,test
21,train
22,test
23,test
24,test
25,train
26,train
27,train
28,train
29,test
30,test
31,test
32,train
33,test
34,train
35,test
36,train
37,test
38,train
39,train
40,train
41,train
42,train
43,train
44,train
45,test
46,train
47,train
48,test
49,train
50,test
51,test
52,train
53,train
54,train
55,test
56,train
57,train
58,train
59,test
60,train
61,train
62,test
63,train
64,test
65,test
66,train
67,test
68,train
69,test
70,train
71,train
72,train
73,train
74,test
75,test
76,train
77,test
78,train
79,train
80,train
81,train
82,train
83,train
84,test
85,test
86,test
87,train
88,test
89,test
90,train
91,train
92,test
93,train
94,test
95,train
96,train
97,test
98,test
99,test
100,train
101,train
102,test
103,train
104,train
105,train
106,test
107,train
108,train
109,train
110,train
111,train
112,train
113,train
114,train
115,train
116,train
117,train
118,test
119,train
120,train
121,test
122,train
123,train
124,train
125,test
126,train
127,train
128,train
129,train
130,train
131,train
132,train
133,train
134,train
135,test
136,test
137,test
138,train
139,test
140,train
141,train
142,train
143,train
144,train
145,train
146,train
147,test
148,train
149,train
150,test
151,train
152,test
153,test
154,train
155,train
156,train
157,train
158,test
159,train
160,test
161,train
162,train
163,train
164,train
165,train
166,train
167,test
168,test
169,train
170,train
171,train
172,train
173,test
174,train
175,train
176,train
177,test
178,train
179,train
180,test
181,train
182,train
183,train
184,train
185,train
186,train
187,train
188,test
189,train
190,train
191,train
192,train
193,train
194,train
195,train
196,train
197,train
198,train
199,train
200,train
201,train
202,train
203,train
204,train
205,train
206,test
207,train
208,train
209,train
210,train
211,train
212,train
213,train
214,test
215,test
216,train
217,test
218,train
219,train
220,test
221,test
222,train
223,train
224,train
225,train
226,test
227,train
228,train
229,train
230,train
231,test
232,train
233,train
234,train
235,test
236,train
237,train
238,train
239,test
240,test
241,train
242,train
243,train
244,train
245,train
246,train
247,train
248,train
249,test
250,train
251,train
252,test
253,train
254,train
255,train
256,test
257,train
258,test
259,train
260,train
261,test
262,train
263,train
264,test
265,train
266,train
267,train
268,train
269,test
270,train
271,train
272,test
273,test
274,train
275,train
276,train
277,train
278,test
279,test
280,train
281,train
282,train
283,train
284,train
285,test
286,test
287,test
288,train
289,test
290,train
291,test
292,train
293,train
294,train
295,train
296,test
297,train
298,train
299,train
300,train
301,test
302,train
303,train
304,train
305,train
306,train
307,train
308,train
309,test
310,train
311,test
312,train
313,train
314,train
315,train
316,train
317,train
318,train
319,test
320,train
321,train
322,train
323,test
324,train
325,test
326,test
327,train
328,test
329,test
330,test
331,train
332,train
333,train
334,train
335,train
336,test
337,test
338,test
339,test
340,train
341,train
342,train
343,train
344,train
345,train
346,train
347,test
348,test
349,test
350,train
351,train
352,train
353,train
354,train
355,train
356,train
357,train
358,train
359,train
360,test
361,train
362,train
363,train
364,train
365,train
366,test
367,train
368,train
369,train
370,train
371,test
372,test
373,train
374,test
375,train
376,train
377,train
378,train
379,train
380,test
381,train
382,train
383,test
384,train
385,train
386,train
387,test
388,train
389,train
390,test
391,test
392,test
393,train
394,test
395,test
396,train
397,test
398,train
399,test
400,train
401,train
402,test
403,train
404,train
405,train
406,train
407,train
408,train
409,train
410,test
411,test
412,test
413,train
414,train
415,test
416,train
417,test
418,test
419,train
420,test
421,train
422,test
423,test
424,train
425,test
426,train
427,train
428,test
429,train
430,train
431,train
432,train
433,train
434,train
435,test
436,train
437,train
438,train
439,test
440,train
441,train
442,train
443,train
444,train
445,train
446,train
447,train
448,train
449,test
450,test
451,train
452,test
453,train
454,train
455,train
456,train
457,train
458,test
459,train
460,train
461,test
462,train
463,train
464,train
465,train
466,test
467,test
468,train
469,train
470,train
471,train
472,train
473,train
474,train
475,test
476,train
477,train
478,train
479,test
480,train
481,train
482,train
483,train
484,train
485,train
486,train
487,train
488,train
489,train
490,train
491,train
492,test
493,train
494,train
495,train
496,test
497,train
498,train
499,train
500,test
501,test
502,train
503,train
504,train
505,test
506,test
507,train
508,train
509,train
510,train
511,train
512,test
513,train
514,train
515,train
516,train
517,train
518,train
519,train
520,train
521,train
522,train
523,train
524,train
525,train
526,train
527,train
528,test
529,train
530,train
531,train
532,test
533,test
534,test
535,train
536,train
537,train
538,train
539,test
540,train
541,train
542,train
543,train
544,test
545,train
546,train
547,train
548,train
549,train
550,test
551,train
552,test
553,train
554,train
555,train
556,train
557,test
558,train
559,train
560,train
561,train
562,train
563,train
564,train
565,train
566,train
567,test
568,test
569,train
570,train
571,train
572,train
573,train
574,test
575,train
576,train
577,train
578,train
579,test
580,test
581,train
582,train
583,train
584,test
585,train
586,train
587,train
588,train
589,test
590,test
591,test
592,train
593,train
594,train
595,test
596,train
597,train
598,train
599,test
600,train
601,train
602,test
603,train
604,train
605,test
606,test
607,train
608,test
609,train
610,train
611,train
612,test
613,train
614,train
615,train
616,train
617,train
618,test
619,train
620,train
621,train
622,train
623,test
624,train
625,train
626,test
627,train
628,test
629,test
630,test
631,train
632,train
633,train
634,train
635,test
636,test
637,test
638,test
639,test
640,test
641,train
642,test
643,test
644,train
645,train
646,test
647,train
648,test
649,train
650,train
651,train
652,train
653,train
654,train
655,train
656,test
657,test
658,train
659,test
660,train
661,test
662,train
663,train
664,train
665,test
666,test
667,train
668,test
669,test
670,train
671,test
672,train
673,train
674,train
675,test
676,test
677,test
678,train
679,train
680,test
681,test
682,train
683,test
684,test
685,train
686,test
687,test
688,train
689,train
690,train
691,train
692,train
693,train
694,train
695,train
696,train
697,train
698,test
699,train
700,train
701,train
702,train
703,train
704,train
705,train
706,train
707,train
708,train
709,test
710,test
711,train
712,train
713,test
714,train
715,train
716,test
717,train
718,test
719,train
720,test
721,train
722,train
723,train
724,train
725,train
726,test
727,test
728,train
729,test
730,train
731,test
732,train
733,train
734,train
735,test
736,train
737,train
738,train
739,train
740,train
741,train
742,train
743,test
744,train
745,train
746,train
747,train
748,train
749,train
750,test
751,train
752,train
753,test
754,train
755,test
756,test
757,train
758,train
759,train
760,train
761,train
762,test
763,test
764,test
765,train
766,train
767,train
768,train
769,train
770,test
771,test
772,train
773,test
774,train
775,train
776,test
777,train
778,train
779,test
780,train
781,train
782,train
783,train
784,train
785,test
786,train
787,train
788,test
789,test
790,train
791,test
792,train
793,train
794,test
795,train
796,train
797,train
798,train
799,train
800,train
801,train
802,train
803,test
804,test
805,test
806,train
807,train
808,test
809,test
810,train
811,train
812,train
813,train
814,test
815,test
816,train
817,test
818,train
819,train
820,train
821,test
822,train
823,train
824,test
825,train
826,train
827,train
828,test
829,train
830,test
831,train
832,test
833,train
834,train
835,test
836,train
837,test
838,train
839,train
840,train
841,test
842,train
843,test
844,train
845,train
846,train
847,train
848,train
849,train
850,train
851,train
852,train
853,train
854,train
855,train
856,test
857,train
858,train
859,test
860,train
861,train
862,test
863,train
864,test
865,train
866,train
867,train
868,train
869,test
870,train
871,train
872,train
873,train
874,train
875,train
876,test
877,train
878,train
879,test
880,test
881,train
882,train
883,train
884,train
885,train
886,train
887,train
888,train
889,test
890,train
891,train
892,train
893,train
894,test
895,train
896,train
897,train
898,test
899,train
900,train
901,train
902,test
903,train
904,train
905,train
906,train
907,train
908,test
909,test
910,train
911,train
912,train
913,test
914,train
915,train
916,train
917,train
918,test
919,test
920,train
921,test
922,test
923,train
924,train
925,train
926,test
927,test
928,train
929,test
930,train
931,test
932,train
933,train
934,train
935,train
936,test
937,test
938,train
939,train
940,test
941,train
942,train
943,train
944,train
945,train
946,test
947,train
948,train
949,test
950,train
951,train
952,train
953,train
954,train
955,train
956,test
957,train
958,train
959,train
960,test
961,train
962,test
963,train
964,test
965,train
966,train
967,test
968,train
969,train
970,train
971,train
972,train
973,train
974,train
975,train
976,test
977,test
978,test
979,train
980,test
981,train
982,test
983,train
984,test
985,train
986,train
987,test
988,train
989,train
990,test
991,train
992,train
993,train
994,train
995,train
996,test
997,train
998,train
999,train
1000,test
