Risk_ID,Risk_Domain,Specific_Risk,Severity,Evidence_Type,Directly_Sourced_Evidence,Inference_Component,Formulation_Consequence,Priority_Rank
R01,Solubility,Aqueous solubility near zero (practically insoluble per label §11),High,Directly sourced,"Label §11: practically insoluble in water; PubChem XLogP 7.7 (whole molecule)",None — the qualitative fact is directly sourced,"Any aqueous vehicle requires solubilization strategy before API can be incorporated at 3 mg/g. This is the primary formulation gate. The numerical solubility value is unknown (see R04), so the magnitude of the challenge cannot be quantified.",1
R02,Solubility,Large saturated hydrocarbon (adamantyl) likely dominates hydrophobicity — no heteroatoms in the cage fragment,High,Mixed,"PubChem SMILES shows adamantyl fragment with no O/N atoms; whole-molecule XLogP 7.7","Which structural feature contributes most to logP cannot be determined from local files — this is a general medicinal chemistry inference","If the adamantyl cage is the primary hydrophobicity driver, then solubilization must overcome a large nonpolar volume with only one ionizable anchor (–COOH). But this causal attribution is inferred, not measured.",2
R03,Solubility / pH,pKa unknown — ionization fraction at any proposed vehicle pH cannot be calculated,High,Mixed,"PubChem SMILES shows one –COOH; H-bond donor count = 1 (consistent with sole ionizable group but not proof)","Sole ionizable group is interpretive; pKa ~4–5 estimated from aromatic carboxylic acid class, not measured","Without measured pKa: (a) cannot calculate ionization fraction at vehicle pH, (b) cannot estimate logD, (c) cannot design pH-solubility strategy, (d) cannot model skin flux. This is the single most blocking unknown.",3
R04,Solubility,Numerical aqueous solubility value unknown — only qualitative descriptor available,High,Mixed,"Label §11: practically insoluble (qualitative)","Numerical estimate <1 µg/mL inferred from logP 7.7 but not measured","Cannot determine whether a proposed vehicle can hold 3 mg/g without a number. Cannot calculate supersaturation ratio or thermodynamic activity. Qualitative label language is insufficient for formulation design.",4
R05,Partitioning,LogD at skin-relevant pH unknown — logP 7.7 is neutral form only,High,Mixed,"PubChem XLogP 7.7 for neutral form","LogD at pH 5.5–7 estimated ~5–6 (logP minus ~2 units for single-acid ionization above pKa) but neither logD nor pKa measured","Permeation rate through stratum corneum depends on logD not logP. Without measured logD, release-rate targets and flux predictions are unreliable. Route should not be locked without this measurement.",5
R06,Irritation,Cutaneous irritation: mild rates 26–45% and moderate rates 13–18% across four reaction types,High,Directly sourced,"Label §6.1 Table 1 (page 4): percentages for erythema/scaling/dryness/burning at mild/moderate/severe; N=253",None — rates are directly sourced,"Excipient selection and release rate are constrained by these baseline irritation rates. One-year data (N=551) confirms pattern persists. Any new vehicle must not worsen these rates.",6
R07,Irritation,Severe burning/stinging in 3.6% of patients (9/253),High,Directly sourced,"Label §6.1 Table 1: severe burning/stinging 3.6% (9/253)",None,"Severe reactions drive discontinuation and are a safety signal. May require dose titration, buffering, or controlled-release strategy in new vehicle.",7
R08,Irritation,Irritation appears primarily drug-driven relative to the Differin vehicle — but this conclusion is scoped to one vehicle pair only,High,Mixed,"Label §6.1 Table 2: vehicle total Related = 4.5% (6/134) vs Differin total Related = 22.1% (57/258)","'Primarily drug-driven' is an inference from one comparison; a different vehicle at 0.3% could produce different rates; 'overwhelmingly' or 'confirmed' would be overclaims","If drug-driven, vehicle changes alone may reduce but not eliminate irritation. The scope limitation is critical: cannot generalize beyond this one vehicle pair.",8
R09,Irritation / Solubility,Solubilization–irritation cross-constraint: excipients that dissolve hydrophobic APIs overlap with label-prohibited irritants,High,Mixed,"Label §5.3: caution against alcohol, astringents, drying agents; §17: avoid AHA/glycolic acids","Solubilizers for practically insoluble APIs tend to be irritating (general formulation knowledge, not from local files)","This is the central formulation tension. New vehicle excipients must be screened for both solubilization capacity and irritation potential in parallel. Solving one axis without tracking the other will produce a vehicle that fails on the other.",9
R10,UV_Sensitivity,Label requires sun avoidance and sunscreen use during treatment,High,Directly sourced,"Label §5.2 (page 3): minimize sunlight/sunlamp exposure; sunscreen and protective clothing recommended",None — the warning is directly sourced,"Patient instructions and potentially packaging constraints regardless of vehicle. Whether this reflects photosensitivity (clinical) or photodegradation (stability) or both is not stated — see R11.",10
R11,Stability,API photodegradation possible but not confirmed,Moderate,Mixed,"Label §5.2 UV warning exists; label does not mention product photodegradation","Retinoids as a class tend to photodegrade (general knowledge); UV warning may or may not reflect stability concern","If photolabile, requires opaque packaging and light-protected manufacturing. ICH Q1B photostability study needed before packaging and shelf-life can be finalized.",11
R12,Excipient_Compatibility,Vehicle pH not stated — pH constrains multiple subsystems simultaneously (inference),Moderate,Mixed,"Label §11 lists excipients including carbomer 940 and methylparaben; NaOH/HCl for pH adjustment; pH value not stated","Carbomer requires neutralization for viscosity (general knowledge); methylparaben has pH-dependent efficacy (general knowledge); adapalene ionization depends on pH (from pKa inference). Three separate general-knowledge claims chained together.","New vehicle pH must be compatible with gelling agent, preservative, and API solubility simultaneously. Getting pH wrong could collapse gel, kill preservative, or precipitate API. But this triple-constraint claim is entirely inferred.",12
R13,Excipient_Compatibility,Poloxamer 124 and propylene glycol roles in Differin vehicle inferred from standard practice — not stated in label,Moderate,Mixed,"Label §11 lists poloxamer 124 and propylene glycol as excipients; label does not state their functions","Standard pharmaceutical roles (surfactant/solubilizer and cosolvent/humectant) assigned from general knowledge","If poloxamer 124 is the primary solubilizer, removing it in a new vehicle requires an alternative solubilization strategy. But this role assignment is inferred.",13
R14,Crystallinity,Polymorphism and crystal form unknown,Moderate,Inference only,"No polymorph data in any local file","Complex crystal behavior possible for adamantyl-containing compounds (general knowledge)","If new vehicle triggers form conversion, dissolution rate and physical stability may change. XRPD and DSC screening needed before scale-up.",14
R15,PK,Systemic absorption below detection threshold at typical usage — but detection threshold may be too high,Low,Mixed,"Label §12.3 Study 2: 3/209 samples had traces between LOD (0.15 ng/mL) and LOQ (0.25 ng/mL) at 1 g/day; Study 1: Cmax 0.553 ng/mL at 2 g/day","Below LOQ does not equal confirmed minimal — a lower LOQ might detect more traces","Not a direct formulation risk but relevant for pregnancy/lactation labeling and regulatory assessment if a new formulation increases permeation.",15
R16,Physical_Stability,Freeze sensitivity — label requires protection from freezing,Moderate,Mixed,"Label §16 (page 9): protect from freezing; storage 20–25°C with excursions 15–30°C","Carbomer gels are known to be freeze-sensitive (general knowledge); freeze-thaw cycling can cause irreversible gel disruption (general knowledge)","Cold-chain logistics must prevent freezing. Whether a non-carbomer vehicle would also be freeze-sensitive is unknown. Freeze-thaw cycling study needed for any new formulation.",16
R17,Dose_Uniformity,Pump delivery uniformity not characterized in local files — pump is sole current packaging,Low–Moderate,Mixed,"Label §16: 45 g pump is sole current packaging (tubes discontinued 2018); label specifies 'thin film' application","Pump metering accuracy affects dose uniformity (general knowledge); no per-actuation dose data in local files","For a new formulation with different viscosity or density, pump compatibility must be verified. Dose uniformity testing needed if pump packaging is retained.",17
R18,Safety,Teratogenicity safety margin may change with altered systemic exposure from new formulation route,Moderate,Mixed,"Label §8.1: oral teratogenic dose ≥25 mg/kg/day (40–81× MRHD); dermal NOAEL 6.0 mg/kg/day (9.7–19.5× MRHD); Study 1 Cmax 0.553 ng/mL at 2 g/day","A new formulation with higher permeation or larger application area could increase systemic exposure; whether current margin is 'sufficient' is a judgment not stated in label","Any formulation change that increases skin permeation must be evaluated against teratogenicity margins. PK bridging study may be required.",18
